<?xml version="1.0" encoding="UTF-8"?>
<configuration scan="false">
    <statusListener class="ch.qos.logback.core.status.NopStatusListener"/>

    <appender name="console" class="ch.qos.logback.core.ConsoleAppender">
        <encoder>
            <pattern>
                %d{HH:mm:ss.SSS} [%thread] [%X] %highlight(%-4level) %cyan(%logger{26}) - %msg%n
            </pattern>
        </encoder>
    </appender>

    <root level="warn">
        <appender-ref ref="console"/>
    </root>

    <logger name="io.netty" level="info" additivity="false">
        <appender-ref ref="console"/>
    </logger>

    <logger name="io.token" level="debug" additivity="false">
        <appender-ref ref="console"/>
    </logger>

    <logger name="com.example" level="debug" additivity="false">
        <appender-ref ref="console"/>
    </logger>
</configuration>
